title,venue,volume,number,pages,publisher,year,type,access,key,doi,ee,url,authors
Thermal Imaging in Robotics as a Privacy-Enhancing or Privacy-Invasive Measure? Misconceptions of Privacy when Using Thermal Cameras in Robots.,Digit. Soc.,2,3,33,,2023,Journal Articles,open,journals/digitalsociety/Lintvedt23,10.1007/S44206-023-00060-4,https://doi.org/10.1007/s44206-023-00060-4,https://dblp.org/rec/journals/digitalsociety/Lintvedt23,['Naomi Lintvedt']
Toward privacy-sensitive human-robot interaction: Privacy terms and human-data interaction in the personal robot era.,Paladyn J. Behav. Robotics,12,1,160-174,,2021,Journal Articles,open,journals/paladyn/ChatzimichaliHC20,10.1515/PJBR-2021-0013,https://doi.org/10.1515/pjbr-2021-0013,https://dblp.org/rec/journals/paladyn/ChatzimichaliHC20,"['Anna P. Chatzimichali', 'Ross Harrison', 'Dimitrios Chrysostomou']"
Is the Robot Spying on me? A Study on Perceived Privacy in Telepresence Scenarios in a Care Setting with Mobile and Humanoid Robots.,Int. J. Soc. Robotics,17,3,363-377,,2025,Journal Articles,closed,journals/ijsr/AgrazHEH25,10.1007/S12369-024-01153-X,https://doi.org/10.1007/s12369-024-01153-x,https://dblp.org/rec/journals/ijsr/AgrazHEH25,"['Celia Nieto Agraz', 'Pascal Hinrichs', 'Marco Eichelberg', 'Andreas Hein 0001']"
Privacy beyond Data: Assessment and Mitigation of Privacy Risks in Robotic Technology for Elderly Care.,ACM Trans. Hum. Robot Interact.,14,1,6:1-6:23,,2025,Journal Articles,closed,journals/thri/GrablerK25,10.1145/3689216,https://doi.org/10.1145/3689216,https://dblp.org/rec/journals/thri/GrablerK25,"['Reinhard Grabler', 'Sabine Theresia Koeszegi']"
"Our business, not the robot&apos;s: family conversations about privacy with social robots in the home.",Frontiers Robotics AI,11,,,,2024,Journal Articles,open,journals/firai/LevinsonMNGS24,10.3389/FROBT.2024.1331347,https://doi.org/10.3389/frobt.2024.1331347,https://dblp.org/rec/journals/firai/LevinsonMNGS24,"['Leigh Levinson', 'Jessica McKinney', 'Christena Nippert-Eng', 'Randy Gomez', 'Selma Sabanovic']"
&quot;Socially Assistive Robot Privacy Model&quot;: A Multi-model Approach to Evaluating Socially Assistive Robot Privacy Concerns.,ICSR + AI,,,280-289,,2024,Conference and Workshop Papers,closed,conf/socrob/CollinsSBHHABS24,10.1007/978-981-96-3522-1_25,https://doi.org/10.1007/978-981-96-3522-1_25,https://dblp.org/rec/conf/socrob/CollinsSBHHABS24,"['Sawyer Collins', 'Cedomir Stanojevic', 'Casey C. Bennett', 'Zachary Henkel', 'Kenna Baugus Henkel', 'Nikki Abbott', 'Cindy L. Bethel', 'Selma Sabanovic']"
What should a robot disclose about me? A study about privacy-appropriate behaviors for social robots.,Frontiers Robotics AI,10,,,,2023,Journal Articles,open,journals/firai/DietrichKW23,10.3389/FROBT.2023.1236733,https://doi.org/10.3389/frobt.2023.1236733,https://dblp.org/rec/journals/firai/DietrichKW23,"['Manuel Dietrich', 'Matti Krüger', 'Thomas H. Weisswange']"
"Never Trust Anything That Can Think for Itself, if You Can&apos;t Control Its Privacy Settings: The Influence of a Robot&apos;s Privacy Settings on Users&apos; Attitudes and Willingness to Self-disclose.",Int. J. Soc. Robotics,15,9,1487-1505,,2023,Journal Articles,open,journals/ijsr/StapelsPDE23,10.1007/S12369-023-01043-8,https://doi.org/10.1007/s12369-023-01043-8,https://dblp.org/rec/journals/ijsr/StapelsPDE23,"['Julia G. Stapels', 'Angelika Penner', 'Niels Diekmann', 'Friederike Eyssel']"
"Law of the Robot: EU Law on Privacy in Human-Robot Interaction: Misconceptions, Fragmentations and Complexities.",,,,,,2025,Books and Theses,closed,phd/basesearch/Lintvedt25,,http://hdl.handle.net/10852/117142,https://dblp.org/rec/phd/basesearch/Lintvedt25,['Naomi Lintvedt']
"Let us make robots &quot;Think in child!&quot;: How children conceptualize fairness, inclusion, and privacy with social robots.",Int. J. Child Comput. Interact.,43,,100706,,2025,Journal Articles,closed,journals/ijcci/LevinsonCZGS25,10.1016/J.IJCCI.2024.100706,https://doi.org/10.1016/j.ijcci.2024.100706,https://dblp.org/rec/journals/ijcci/LevinsonCZGS25,"['Leigh Levinson', 'Vicky Charisi', 'Chris Zotos', 'Randy Gomez', 'Selma Sabanovic']"
Effects of Privacy Warning on the Intention to Disclose Personal Information During Interaction with a Robot in Public Spaces.,Int. J. Soc. Robotics,17,6,1055-1073,,2025,Journal Articles,closed,journals/ijsr/AryaniaHFAA25,10.1007/S12369-025-01244-3,https://doi.org/10.1007/s12369-025-01244-3,https://dblp.org/rec/journals/ijsr/AryaniaHFAA25,"['Azra Aryania', 'Ruben Huertas-Garcia', 'Santiago Forgas-Coll', 'Cecilio Angulo', 'Guillem Alenyà']"
RoboComm: A DID-based scalable and privacy-preserving Robot-to-Robot interaction over state channels.,CoRR,abs/2504.09517,,,,2025,Informal and Other Publications,open,journals/corr/abs-2504-09517,10.48550/ARXIV.2504.09517,https://doi.org/10.48550/arXiv.2504.09517,https://dblp.org/rec/journals/corr/abs-2504-09517,"['Roshan Singh', 'Sushant Pandey']"
A Qualitative Observational Video-Based Study on Perceived Privacy in Social Robots&apos; Based on Robots Appearances.,ARSO,,,74-79,,2024,Conference and Workshop Papers,closed,conf/arso/LindblomOT24,10.1109/ARSO60199.2024.10557941,https://doi.org/10.1109/ARSO60199.2024.10557941,https://dblp.org/rec/conf/arso/LindblomOT24,"['Diana Saplacan Lindblom', 'Marieke van Otterdijk', 'Jim Torresen']"
Privacy-Secure HRI: Framework of Human-Robot Interaction Protecting User&apos;s Privacy.,HAI,,,382-383,,2024,Conference and Workshop Papers,closed,conf/hai/KanbaraMN24,10.1145/3687272.3690890,https://doi.org/10.1145/3687272.3690890,https://dblp.org/rec/conf/hai/KanbaraMN24,"['Masayuki Kanbara', 'Yoshihiko Murakawa', 'Isao Nakanishi']"
Navigating the Human-Robot Interaction Landscape. Practical Guidelines for Privacy-Conscious Social Robots.,HRI,,,283-287,,2024,Conference and Workshop Papers,closed,conf/hri/CallanderRF24,10.1145/3610978.3640637,https://doi.org/10.1145/3610978.3640637,https://dblp.org/rec/conf/hri/CallanderRF24,"['Nicholas Callander', 'Andrés Alberto Ramírez-Duque', 'Mary Ellen Foster']"
Your Robot Might Be Inadvertently or Deliberately Spying on You: A Critical Analysis of Privacy Practices in the Robotics Industry.,ICISSP,,,219-225,,2024,Conference and Workshop Papers,closed,conf/icissp/EleshinIRI24,10.5220/0012422200003648,https://doi.org/10.5220/0012422200003648,https://dblp.org/rec/conf/icissp/EleshinIRI24,"['Farida Eleshin', 'Patrick Iradukunda', 'David Ishimwe Ruberamitwe', 'Eric Ishimwe']"
"Exploring Privacy Concerns, Privacy Risks and Benefits on Users&apos; Trust and Engagement in Continual Use of Service Robots.",AMCIS,,,,,2023,Conference and Workshop Papers,closed,conf/amcis/WibowoYML23,,https://aisel.aisnet.org/amcis2023/sig_odis/sig_odis/13,https://dblp.org/rec/conf/amcis/WibowoYML23,"['Santoso Wibowo', 'Rongbin Yang', 'Sameera Mubarak', 'Lillian Peiwen Li']"
Effects of Social Behaviors of Robots in Privacy-Sensitive Situations.,Int. J. Soc. Robotics,14,2,589-602,,2022,Journal Articles,closed,journals/ijsr/YangCKLKKPN22,10.1007/S12369-021-00809-2,https://doi.org/10.1007/s12369-021-00809-2,https://dblp.org/rec/journals/ijsr/YangCKLKKPN22,"['Daseul Yang', 'Yu-Jung Chae', 'Doogon Kim', 'Yoonseob Lim', 'Dong Hwan Kim', 'ChangHwan Kim 0002', 'Sung-Kee Park', 'Changjoo Nam']"
Tolerating Untrustworthy Robots: Studying Human Vulnerability Experience within a Privacy Scenario for Trust in Robots.,RO-MAN,,,821-828,,2022,Conference and Workshop Papers,closed,conf/ro-man/HannibalDW22,10.1109/RO-MAN53752.2022.9900830,https://doi.org/10.1109/RO-MAN53752.2022.9900830,https://dblp.org/rec/conf/ro-man/HannibalDW22,"['Glenda Hannibal', 'Anna Dobrosovestnova', 'Astrid Weiss']"
Do Privacy Concerns About Social Robots Affect Use Intentions? Evidence From an Experimental Vignette Study.,Frontiers Robotics AI,8,,627958,,2021,Journal Articles,open,journals/firai/LutzT21,10.3389/FROBT.2021.627958,https://doi.org/10.3389/frobt.2021.627958,https://dblp.org/rec/journals/firai/LutzT21,"['Christoph Lutz', 'Aurelia Tamò-Larrieux']"
Privacy framework for context-aware robot development.,Paladyn J. Behav. Robotics,12,1,468-480,,2021,Journal Articles,open,journals/paladyn/HeuerSG21,10.1515/PJBR-2021-0032,https://doi.org/10.1515/pjbr-2021-0032,https://dblp.org/rec/journals/paladyn/HeuerSG21,"['Tanja Heuer', 'Ina Schiering', 'Reinhard Gerndt']"
&quot;I still need my privacy&quot;: Exploring the level of comfort and privacy preferences of German-speaking older adults in the case of mobile assistant robots.,Pervasive Mob. Comput.,74,,101397,,2021,Journal Articles,closed,journals/percom/ReinhardtKA21,10.1016/J.PMCJ.2021.101397,https://doi.org/10.1016/j.pmcj.2021.101397,https://dblp.org/rec/journals/percom/ReinhardtKA21,"['Delphine Reinhardt', 'Monisha Khurana', 'Luca Hernández Acosta']"
Towards Designing Privacy-Compliant Social Robots for Use in Private Households: A Use Case Based Identification of Privacy Implications and Potential Technical Measures for Mitigation.,RO-MAN,,,869-876,,2020,Conference and Workshop Papers,closed,conf/ro-man/HorstmannDBH20,10.1109/RO-MAN47096.2020.9223556,https://doi.org/10.1109/RO-MAN47096.2020.9223556,https://dblp.org/rec/conf/ro-man/HorstmannDBH20,"['Björn Horstmann', 'Niels Diekmann', 'Hendrik Buschmeier', 'Teena Hassan']"
User expectations of privacy in robot assisted therapy.,Paladyn J. Behav. Robotics,10,1,140-159,,2019,Journal Articles,open,journals/paladyn/HenkelBBM19,10.1515/PJBR-2019-0010,https://doi.org/10.1515/pjbr-2019-0010,https://dblp.org/rec/journals/paladyn/HenkelBBM19,"['Zachary Henkel', 'Kenna Baugus', 'Cindy L. Bethel', 'David C. May']"
Privacy with Surgical Robotics: Challenges in Applying Contextual Privacy Theory.,CoRR,abs/1909.01862,,,,2019,Informal and Other Publications,open,journals/corr/abs-1909-01862,,http://arxiv.org/abs/1909.01862,https://dblp.org/rec/journals/corr/abs-1909-01862,"['Ryan Shah', 'Shishir Nagaraja']"
Walking Away from the Robot: Negotiating Privacy with a Robot.,BCS HCI,,,,,2017,Conference and Workshop Papers,open,conf/bcshci/SchulzH17,10.14236/EWIC/HCI2017.83,https://doi.org/10.14236/ewic/HCI2017.83,https://dblp.org/rec/conf/bcshci/SchulzH17,"['Trenton Schulz', 'Jo Herstad']"
Privacy and Socially Assistive Robots - A Meta Study.,Privacy and Identity Management,,,265-281,,2017,Conference and Workshop Papers,closed,conf/primelife/HeuerSG17,10.1007/978-3-319-92925-5_18,https://doi.org/10.1007/978-3-319-92925-5_18,https://dblp.org/rec/conf/primelife/HeuerSG17,"['Tanja Heuer', 'Ina Schiering', 'Reinhard Gerndt']"
A Taxonomy of Privacy Constructs for Privacy-Sensitive Robotics.,CoRR,abs/1701.00841,,,,2017,Informal and Other Publications,open,journals/corr/RuebenGBS17,,http://arxiv.org/abs/1701.00841,https://dblp.org/rec/journals/corr/RuebenGBS17,"['Matthew Rueben', 'Cindy M. Grimm', 'Frank J. Bernieri', 'William D. Smart']"
Designing Commercial Therapeutic Robots for Privacy Preserving Systems and Ethical Research Practices Within the Home.,Int. J. Soc. Robotics,8,4,575-587,,2016,Journal Articles,closed,journals/ijsr/SedenbergCM16,10.1007/S12369-016-0362-Y,https://doi.org/10.1007/s12369-016-0362-y,https://dblp.org/rec/journals/ijsr/SedenbergCM16,"['Elaine Sedenberg', 'John Chuang', 'Deirdre K. Mulligan']"
The Robot Who Knew Too Much: Toward Understanding the Privacy/Personalization Trade-Off in Child-Robot Conversation.,IDC,,,379-387,,2016,Conference and Workshop Papers,closed,conf/acmidc/LeiteL16,10.1145/2930674.2930687,https://doi.org/10.1145/2930674.2930687,https://dblp.org/rec/conf/acmidc/LeiteL16,"['Iolanda Leite', 'Jill Fain Lehman']"
Robotic Society: Privacy as a Legal and Technological Issue.,ROBOT,,,621-630,,2013,Conference and Workshop Papers,closed,conf/robot/Llacer-Matacas13,10.1007/978-3-319-03413-3_46,https://doi.org/10.1007/978-3-319-03413-3_46,https://dblp.org/rec/conf/robot/Llacer-Matacas13,['Maria Rosa Llácer-Matacás']
Influence of the Privacy Issue in the Deployment and Design of Networking Robots in European Urban Areas.,Adv. Robotics,24,13,1873-1899,,2010,Journal Articles,closed,journals/ar/SanfeliuLGPY10,10.1163/016918610X527202,https://doi.org/10.1163/016918610X527202,https://dblp.org/rec/journals/ar/SanfeliuLGPY10,"['Alberto Sanfeliu', 'Maria Rosa Llácer', 'Maria Dolors Gramunt', 'Albert Punsola', 'Yuji Yoshimura']"
"Enhancing security, privacy, and usability in social robots: A software development framework.",Comput. Stand. Interfaces,96,,104052,,2026,Journal Articles,closed,journals/csi/OrumaSG26,10.1016/J.CSI.2025.104052,https://doi.org/10.1016/j.csi.2025.104052,https://dblp.org/rec/journals/csi/OrumaSG26,"['Samson O. Oruma', 'Mary Sánchez-Gordón', 'Vasileios Gkioulos']"
Bringing older people&apos;s perspectives on consumer socially assistive robots into debates about the future of privacy protection and AI governance.,AI Soc.,40,2,691-710,,2025,Journal Articles,closed,journals/ais/SlaneP25,10.1007/S00146-024-01894-3,https://doi.org/10.1007/s00146-024-01894-3,https://dblp.org/rec/journals/ais/SlaneP25,"['Andrea Slane', 'Isabel Pedersen']"
Securing the Internet of Robotic Things (IoRT) against DDoS Attacks: A Federated Learning with Differential Privacy Clustering Approach.,Comput. Secur.,155,,104493,,2025,Journal Articles,closed,journals/compsec/NkoomHC25,10.1016/J.COSE.2025.104493,https://doi.org/10.1016/j.cose.2025.104493,https://dblp.org/rec/journals/compsec/NkoomHC25,"['Matilda Nkoom', 'Sena G. Hounsinou', 'Garth V. Crosby']"
Privacy Preserving Federated Reinforcement Imitation Learning Framework With Robust Aggregation for Cloud-Based Domestic Robots.,Concurr. Comput. Pract. Exp.,37,15-17,,,2025,Journal Articles,closed,journals/concurrency/Natarajan25,10.1002/CPE.70153,https://doi.org/10.1002/cpe.70153,https://dblp.org/rec/journals/concurrency/Natarajan25,['Hema Priya Natarajan']
Exploring the Impact of Social Robot Design Characteristics on Users&apos; Privacy Concerns: Evidence from PLS-SEM and FsQCA.,Int. J. Hum. Comput. Interact.,41,13,7999-8020,,2025,Journal Articles,closed,journals/ijhci/ChenWJYBY25,10.1080/10447318.2024.2402126,https://doi.org/10.1080/10447318.2024.2402126,https://dblp.org/rec/journals/ijhci/ChenWJYBY25,"['Yongkang Chen', 'Xingting Wu', 'Fusheng Jia', 'Jingyan Yang', 'Xiangtian Bai', 'Ruyang Yu']"
Data Space Privacy Model with Federated Learning Technique for Securing IoT Communications in Autonomous Marine Vehicles.,J. Intell. Robotic Syst.,111,3,84,,2025,Journal Articles,closed,journals/jirs/GhazalHRKABA25,10.1007/S10846-025-02298-1,https://doi.org/10.1007/s10846-025-02298-1,https://dblp.org/rec/journals/jirs/GhazalHRKABA25,"['Taher M. Ghazal', 'Mohammad Kamrul Hasan', 'Kola Narasimha Raju', 'Muhammad Attique Khan', 'Ahmad Alshamayleh', 'Mohammed Wasim Bhatt', 'Munir Ahmad']"
Cloud Computing Architecture Based on Network Security Vulnerabilities and Privacy Protection in the Kinematic Model of Hybrid Robots.,Netw. Secur.,2024,10,62-72,,2025,Journal Articles,closed,journals/ns/Cao25,10.70985/JZQPAW65,https://doi.org/10.70985/jzqpaw65,https://dblp.org/rec/journals/ns/Cao25,['Haofeng Cao']
Toward Privacy-Respecting Service Robots.,IEEE Pervasive Comput.,24,3,63-72,,2025,Journal Articles,closed,journals/pervasive/ReinhardtM25,10.1109/MPRV.2025.3555407,https://doi.org/10.1109/MPRV.2025.3555407,https://dblp.org/rec/journals/pervasive/ReinhardtM25,"['Delphine Reinhardt', 'Archan Misra']"
Swarm Robotic Flocking With Aggregation Ability Privacy.,IEEE Trans Autom. Sci. Eng.,22,,10596-10608,,2025,Journal Articles,closed,journals/tase/ZhangHLP25,10.1109/TASE.2025.3526141,https://doi.org/10.1109/TASE.2025.3526141,https://dblp.org/rec/journals/tase/ZhangHLP25,"['Shuai Zhang 0024', 'Yunke Huang', 'Weizi Li', 'Jia Pan 0001']"
Analyzing Security &amp; Privacy (S&amp;P) Labels For AI Integrated Social Robots: A Novel User Assessment Based Research Study.,IWSPA@CODASPY,,,62-72,,2025,Conference and Workshop Papers,closed,conf/codaspy/FaithCA25,10.1145/3716815.3729014,https://doi.org/10.1145/3716815.3729014,https://dblp.org/rec/conf/codaspy/FaithCA25,"['Ezra Faith', 'Ankur Chattopadhyay', 'Mohammad Q. Azhar']"
"Privacy-Sensitive Robotics: Perceptions, Measures, and Metrics.",HRI,,,1976-1978,,2025,Conference and Workshop Papers,closed,conf/hri/KimLOSS25,10.1109/HRI61500.2025.10974048,https://doi.org/10.1109/HRI61500.2025.10974048,https://dblp.org/rec/conf/hri/KimLOSS25,"['Janet Kim', 'Leigh Levinson', 'Jonathan Ota', 'Selma Sabanovic', 'William D. Smart']"
Contextual Understanding of Teen &amp; Youth Privacy Perceptions with Social Robots.,HRI,,,1869-1871,,2025,Conference and Workshop Papers,closed,conf/hri/Levinson25,10.1109/HRI61500.2025.10974259,https://doi.org/10.1109/HRI61500.2025.10974259,https://dblp.org/rec/conf/hri/Levinson25,['Leigh Levinson']
"Effective Engineering, Stakeholder Involvement, and Regulatory Plurality Within Privacy-Aware Robotics.",HRI,,,1443-1447,,2025,Conference and Workshop Papers,closed,conf/hri/LevinsonDSSS25,10.1109/HRI61500.2025.10974108,https://doi.org/10.1109/HRI61500.2025.10974108,https://dblp.org/rec/conf/hri/LevinsonDSSS25,"['Leigh Levinson', 'Manuel Dietrich', 'Alan Sarkisian', 'Selma Sabanovic', 'William D. Smart']"
Protecting User Data Through Privacy-Sensitive Robot Design.,HRI,,,1891-1893,,2025,Conference and Workshop Papers,closed,conf/hri/SullivanM25,10.1109/HRI61500.2025.10974013,https://doi.org/10.1109/HRI61500.2025.10974013,https://dblp.org/rec/conf/hri/SullivanM25,"['Dakota Sullivan', 'Bilge Mutlu']"
Understanding Worker Perceptions Toward Privacy When Working with Collaborative Robots That Provide As-Needed Assistance.,ICARA,,,30-34,,2025,Conference and Workshop Papers,closed,conf/icara/LiuBB25,10.1109/ICARA64554.2025.10977615,https://doi.org/10.1109/ICARA64554.2025.10977615,https://dblp.org/rec/conf/icara/LiuBB25,"['Andrew Liu 0069', 'Natasha Kholgade Banerjee', 'Sean Banerjee']"
Co-designed Data Management Application for Care Robots Privacy and Usability Perspectives.,INTERACT,,,635-644,,2025,Conference and Workshop Papers,closed,conf/interact/LaviTMC25,10.1007/978-3-032-05005-2_32,https://doi.org/10.1007/978-3-032-05005-2_32,https://dblp.org/rec/conf/interact/LaviTMC25,"['Shay Lavi', 'Yuval Turgeman', 'Ittay Mannheim', 'Hadas Chassidim']"
Towards A Unique User-Centric Security &amp; Privacy (S&amp;P) Label For Social Robots.,ISDFS,,,1-7,,2025,Conference and Workshop Papers,closed,conf/isdfs/ChattopadhyayAF25,10.1109/ISDFS65363.2025.11012099,https://doi.org/10.1109/ISDFS65363.2025.11012099,https://dblp.org/rec/conf/isdfs/ChattopadhyayAF25,"['Ankur Chattopadhyay', 'Mohammad Q. Azhar', 'Ezra Faith', 'Alexandra Lisa', 'Oksana Piven', 'Suhaas Ravela']"
Real-Time Privacy Preservation for Robot Visual Perception.,CoRR,abs/2505.05519,,,,2025,Informal and Other Publications,open,journals/corr/abs-2505-05519,10.48550/ARXIV.2505.05519,https://doi.org/10.48550/arXiv.2505.05519,https://dblp.org/rec/journals/corr/abs-2505-05519,"['Minkyu Choi 0001', 'Yunhao Yang', 'Neel P. Bhatt', 'Kushagra Gupta', 'Sahil Shah', 'Aditya Rai', 'David Fridovich-Keil', 'Ufuk Topcu', 'Sandeep P. Chinchali']"
Privacy Risks of Robot Vision: A User Study on Image Modalities and Resolution.,CoRR,abs/2505.07766,,,,2025,Informal and Other Publications,open,journals/corr/abs-2505-07766,10.48550/ARXIV.2505.07766,https://doi.org/10.48550/arXiv.2505.07766,https://dblp.org/rec/journals/corr/abs-2505-07766,"['Xuying Huang', 'Sicong Pan', 'Maren Bennewitz']"
Federated Deep Reinforcement Learning for Privacy-Preserving Robotic-Assisted Surgery.,CoRR,abs/2505.12153,,,,2025,Informal and Other Publications,open,journals/corr/abs-2505-12153,10.48550/ARXIV.2505.12153,https://doi.org/10.48550/arXiv.2505.12153,https://dblp.org/rec/journals/corr/abs-2505-12153,"['Sana Hafeez', 'Sundas Rafat Mulkana', 'Muhammad Ali Imran 0001', 'Michele Sevegnani']"
Privacy-Preserving Multi-Stage Fall Detection Framework with Semi-supervised Federated Learning and Robotic Vision Confirmation.,CoRR,abs/2507.10474,,,,2025,Informal and Other Publications,open,journals/corr/abs-2507-10474,10.48550/ARXIV.2507.10474,https://doi.org/10.48550/arXiv.2507.10474,https://dblp.org/rec/journals/corr/abs-2507-10474,"['Seyed Alireza Rahimi Azghadi', 'Truong Thanh Hung Nguyen', 'Hélène Fournier', 'Monica Wachowicz', 'Rene Richard', 'Francis Palma', 'Hung Cao']"
&quot;Is it always watching? Is it always listening?&quot; Exploring Contextual Privacy and Security Concerns Toward Domestic Social Robots.,CoRR,abs/2507.10786,,,,2025,Informal and Other Publications,open,journals/corr/abs-2507-10786,10.48550/ARXIV.2507.10786,https://doi.org/10.48550/arXiv.2507.10786,https://dblp.org/rec/journals/corr/abs-2507-10786,"['Henry Bell', 'Jabari Kwesi', 'Hiba Laabadli', 'Pardis Emami Naeini']"
Benchmarking LLM Privacy Recognition for Social Robot Decision Making.,CoRR,abs/2507.16124,,,,2025,Informal and Other Publications,open,journals/corr/abs-2507-16124,10.48550/ARXIV.2507.16124,https://doi.org/10.48550/arXiv.2507.16124,https://dblp.org/rec/journals/corr/abs-2507-16124,"['Dakota Sullivan', 'Shirley Zhang 0002', 'Jennica Li', 'Heather Kirkorian', 'Bilge Mutlu', 'Kassem Fawaz']"
Advancing Safety and Privacy in Human-Robot Interaction: Exploring Learning-Based Control and Multi-Modal Sensing Approaches.,,,,,,2024,Books and Theses,closed,phd/basesearch/Baselizadeh24,,http://hdl.handle.net/10852/113937,https://dblp.org/rec/phd/basesearch/Baselizadeh24,['Adel Baselizadeh']
FedHIP: Federated learning for privacy-preserving human intention prediction in human-robot collaborative assembly tasks.,Adv. Eng. Informatics,60,,102411,,2024,Journal Articles,closed,journals/aei/CaiGGWL24,10.1016/J.AEI.2024.102411,https://doi.org/10.1016/j.aei.2024.102411,https://dblp.org/rec/journals/aei/CaiGGWL24,"['Jiannan Cai', 'Zhidong Gao', 'Yuanxiong Guo', 'Bastian Wibranek', 'Shuai Li 0018']"
Privacy-preserving data integration scheme in industrial robot system based on fog computing and edge computing.,IET Commun.,18,7,461-476,,2024,Journal Articles,open,journals/iet-com/HanMTLC24,10.1049/CMU2.12749,https://doi.org/10.1049/cmu2.12749,https://dblp.org/rec/journals/iet-com/HanMTLC24,"['Song Han', 'Hui Ma', 'Amir Taherkordi', 'Dapeng Lan', 'Yange Chen']"
Visual privacy behaviour recognition for social robots based on an improved generative adversarial network.,IET Comput. Vis.,18,1,110-123,,2024,Journal Articles,open,journals/iet-cvi/YangLSL24,10.1049/CVI2.12231,https://doi.org/10.1049/cvi2.12231,https://dblp.org/rec/journals/iet-cvi/YangLSL24,"['Guanci Yang', 'Jiacheng Lin', 'Zhidong Su', 'Yang Li 0046']"
"&quot;Yes, It&apos;s Cute, But How Can I Be Sure It&apos;s Safe or Not?&quot; Investigating the Intention to Use Service Robots in the Context of Privacy Calculus.",Int. J. Hum. Comput. Interact.,40,20,6151-6166,,2024,Journal Articles,closed,journals/ijhci/BaserBD24,10.1080/10447318.2023.2254617,https://doi.org/10.1080/10447318.2023.2254617,https://dblp.org/rec/journals/ijhci/BaserBD24,"['Miraç Yücel Baser', 'Tuba Büyükbese', 'Yakup Durmaz']"
EPDB: An Efficient and Privacy-Preserving Electric Charging Scheme in Internet of Robotic Things.,IEEE Internet Things J.,11,20,32464-32477,,2024,Journal Articles,closed,journals/iotj/ZhaiLZWDLWZKN24,10.1109/JIOT.2024.3426536,https://doi.org/10.1109/JIOT.2024.3426536,https://dblp.org/rec/journals/iotj/ZhaiLZWDLWZKN24,"['Di Zhai', 'Jiqiang Liu', 'Tao Zhang 0063', 'Jian Wang 0015', 'Hongyang Du', 'Tianhao Liu', 'Tianxi Wang', 'Chuan Zhang 0003', 'Jiawen Kang 0001', 'Dusit Niyato']"
"Usage Intention of Social Robots for Domestic Purpose: From Security, Privacy, and Legal Perspectives.",Inf. Syst. Frontiers,26,1,121-136,,2024,Journal Articles,closed,journals/isf/ChatterjeeCV24,10.1007/S10796-021-10197-7,https://doi.org/10.1007/s10796-021-10197-7,https://dblp.org/rec/journals/isf/ChatterjeeCV24,"['Sheshadri Chatterjee', 'Ranjan Chaudhuri', 'Demetris Vrontis']"
Data Privacy Preserving for Centralized Robotic Fault Diagnosis With Modified Dataset Distillation.,J. Comput. Inf. Sci. Eng.,24,9,,,2024,Journal Articles,closed,journals/jcise/WangHLC24,10.1115/1.4066096,https://doi.org/10.1115/1.4066096,https://dblp.org/rec/journals/jcise/WangHLC24,"['Tao Wang', 'Yu Huang', 'Ying Liu', 'Chong Chen']"
Survey of Recent Results in Privacy-Preserving Mechanisms for Multi-Agent Systems.,J. Intell. Robotic Syst.,110,3,129,,2024,Journal Articles,open,journals/jirs/KossekS24,10.1007/S10846-024-02161-9,https://doi.org/10.1007/s10846-024-02161-9,https://dblp.org/rec/journals/jirs/KossekS24,"['Magdalena Kossek', 'Margareta Stefanovic']"
Privacy&apos;s Sky-High Battle: The Use of Unmanned Aircraft Systems for Law Enforcement in the European Union.,J. Intell. Robotic Syst.,110,3,99,,2024,Journal Articles,open,journals/jirs/Kurtpinar24,10.1007/S10846-024-02071-W,https://doi.org/10.1007/s10846-024-02071-w,https://dblp.org/rec/journals/jirs/Kurtpinar24,['E. Öykü Kurtpinar']
Privacy-preserving federated transfer learning for defect identification from highly imbalanced image data in additive manufacturing.,Robotics Comput. Integr. Manuf.,89,,102779,,2024,Journal Articles,closed,journals/rcim/TangZGWZYC24,10.1016/J.RCIM.2024.102779,https://doi.org/10.1016/j.rcim.2024.102779,https://dblp.org/rec/journals/rcim/TangZGWZYC24,"['Jiafeng Tang', 'Zhibin Zhao', 'Yanjie Guo', 'Chenxi Wang 0004', 'Xingwu Zhang', 'Ruqiang Yan 0001', 'Xuefeng Chen 0002']"
PrivShieldROS: An Extended Robot Operating System Integrating Ethereum and Interplanetary File System for Enhanced Sensor Data Privacy.,Sensors,24,10,3241,,2024,Journal Articles,open,journals/sensors/WangCZGZZ24,10.3390/S24103241,https://doi.org/10.3390/s24103241,https://dblp.org/rec/journals/sensors/WangCZGZZ24,"['Tianhao Wang', 'Ke Chen', 'Zhaohua Zheng', 'Jiahao Guo', 'Xiying Zhao', 'Shenhui Zhang']"
Privacy-Preserving Synthetic Continual Semantic Segmentation for Robotic Surgery.,IEEE Trans. Medical Imaging,43,6,2291-2302,,2024,Journal Articles,open,journals/tmi/XuIBR24,10.1109/TMI.2024.3364969,https://doi.org/10.1109/TMI.2024.3364969,https://dblp.org/rec/journals/tmi/XuIBR24,"['Mengya Xu', 'Mobarakol Islam', 'Long Bai 0008', 'Hongliang Ren 0001']"
Investigating Limits and Effectiveness of Privacy Conversations: the Case of Service Robots in an Office Environment.,CHI Extended Abstracts,,,205:1-205:9,,2024,Conference and Workshop Papers,closed,conf/chi/GrassoWP24,10.1145/3613905.3650971,https://doi.org/10.1145/3613905.3650971,https://dblp.org/rec/conf/chi/GrassoWP24,"['Maria Antonietta Grasso', 'Jutta Katharina Willamowski', 'Jisun Park 0005']"
A Survey on Privacy Attacks Against Digital Twin Systems in AI-Robotics.,CIC,,,70-79,,2024,Conference and Workshop Papers,closed,conf/coinco/FernandezNCMMPC24,10.1109/CIC62241.2024.00019,https://doi.org/10.1109/CIC62241.2024.00019,https://dblp.org/rec/conf/coinco/FernandezNCMMPC24,"['Ivan A. Fernandez', 'Subash Neupane', 'Trisha Chakraborty', 'Shaswata Mitra', 'Sudip Mittal', 'Nisha Pillai', 'Jingdao Chen', 'Shahram Rahimi 0001']"
Navigating Privacy Patterns in the Era of Robotaxis.,EuroS&amp;P Workshops,,,32-39,,2024,Conference and Workshop Papers,closed,conf/eurosp/AlMomaniBMPPB24,10.1109/EUROSPW61312.2024.00011,https://doi.org/10.1109/EuroSPW61312.2024.00011,https://dblp.org/rec/conf/eurosp/AlMomaniBMPPB24,"['Ala&apos;a Al-Momani', 'David M. Balenson', 'Zoltán Ádám Mann', 'Sebastian Pape 0001', 'Jonathan Petit', 'Christoph Bösch 0001']"
PriMA-Care: Privacy-Preserving Multi-modal Dataset for Human Activity Recognition in Care Robots.,HRI,,,233-237,,2024,Conference and Workshop Papers,closed,conf/hri/BaselizadehUKLT24,10.1145/3610978.3640701,https://doi.org/10.1145/3610978.3640701,https://dblp.org/rec/conf/hri/BaselizadehUKLT24,"['Adel Baselizadeh', 'Md. Zia Uddin', 'Weria Khaksar', 'Diana Saplacan Lindblom', 'Jim Torresen']"
Social Robots in Healthcare: Characterizing Privacy Considerations.,HRI,,,568-572,,2024,Conference and Workshop Papers,closed,conf/hri/JayaramanPCR24,10.1145/3610978.3640713,https://doi.org/10.1145/3610978.3640713,https://dblp.org/rec/conf/hri/JayaramanPCR24,"['Sandhya Jayaraman', 'Elizabeth K. Phillips', 'Daisy Church', 'Laurel D. Riek']"
Surveying Adult Perceptions of Privacy and Attitudes towards Social Robots in the Home.,HRI,,,664-668,,2024,Conference and Workshop Papers,closed,conf/hri/LevinsonBGS24,10.1145/3610978.3640719,https://doi.org/10.1145/3610978.3640719,https://dblp.org/rec/conf/hri/LevinsonBGS24,"['Leigh Levinson', 'Tyler Barrett', 'Randy Gomez', 'Selma Sabanovic']"
Privacy Aware Robotics.,HRI,,,1335-1337,,2024,Conference and Workshop Papers,closed,conf/hri/LevinsonDSSS24,10.1145/3610978.3638161,https://doi.org/10.1145/3610978.3638161,https://dblp.org/rec/conf/hri/LevinsonDSSS24,"['Leigh Levinson', 'Manuel Dietrich', 'Alan Sarkisian', 'Selma Sabanovic', 'William D. Smart']"
Snitches Get Unplugged: Adolescents&apos; Privacy Concerns about Robots in the Home are Relationally Situated.,HRI,,,423-432,,2024,Conference and Workshop Papers,closed,conf/hri/LevinsonNGS24,10.1145/3610977.3634946,https://doi.org/10.1145/3610977.3634946,https://dblp.org/rec/conf/hri/LevinsonNGS24,"['Leigh Levinson', 'Christena Nippert-Eng', 'Randy Gomez', 'Selma Sabanovic']"
Investigating the Privacy Risk of Using Robot Vacuum Cleaners in Smart Environments.,ICICS,,,312-330,,2024,Conference and Workshop Papers,closed,conf/icics/UlsmagLL24,10.1007/978-981-97-8798-2_16,https://doi.org/10.1007/978-981-97-8798-2_16,https://dblp.org/rec/conf/icics/UlsmagLL24,"['Benjamin Ulsmåg', 'Jia-Chun Lin', 'Ming-Chang Lee']"
Beyond Data Collection: Safeguarding User Privacy in Social Robotics.,ICIT,,,1-6,,2024,Conference and Workshop Papers,closed,conf/icit2/DorafshanianAMN24,10.1109/ICIT58233.2024.10540743,https://doi.org/10.1109/ICIT58233.2024.10540743,https://dblp.org/rec/conf/icit2/DorafshanianAMN24,"['Mahboobeh Dorafshanian', 'Muhammad Aitsam', 'Mohamed Mejri', 'Alessandro G. Di Nuovo']"
Privacy Risks in Reinforcement Learning for Household Robots.,ICRA,,,5148-5154,,2024,Conference and Workshop Papers,closed,conf/icra/LiDZ24,10.1109/ICRA57147.2024.10610832,https://doi.org/10.1109/ICRA57147.2024.10610832,https://dblp.org/rec/conf/icra/LiDZ24,"['Miao Li', 'Wenhao Ding', 'Ding Zhao']"
Towards Privacy-friendly Telepresence Robots for Schoolchildren with Long-term Illnesses - User Needs of Relevant User Groups.,MuC,,,,,2024,Conference and Workshop Papers,closed,conf/mc/ButtnerNARP24,10.18420/MUC2024-MCI-WS17-162,https://doi.org/10.18420/muc2024-mci-ws17-162,https://dblp.org/rec/conf/mc/ButtnerNARP24,"['Sebastian Thomas Büttner', 'Paul Neumann', 'Luca Hernández Acosta', 'Delphine Reinhardt', 'Michael Prilla']"
&quot;I Don&apos;t Want Parents to Watch My Lessons&quot; - Privacy Trade-offs in the Use of Telepresence Robots in Schools for Children with Long-term Illnesses.,MuC,,,448-454,,2024,Conference and Workshop Papers,closed,conf/mc/NeumannBARP24,10.1145/3670653.3677509,https://doi.org/10.1145/3670653.3677509,https://dblp.org/rec/conf/mc/NeumannBARP24,"['Paul Neumann', 'Sebastian Thomas Büttner', 'Luca Hernández Acosta', 'Delphine Reinhardt', 'Michael Prilla']"
Examining Diverse Gender Dynamics in Human-Robot Interaction: Trust Privacy and Safety Perceptions.,PETRA,,,,,2024,Conference and Workshop Papers,closed,conf/petra/ZandKBBK24,10.1145/3652037.3652078,https://doi.org/10.1145/3652037.3652078,https://dblp.org/rec/conf/petra/ZandKBBK24,"['Manizheh Zand', 'Krishna Chaitanya Kodur', 'Sean Banerjee', 'Natasha Banerjee', 'Maria Kyrarini']"
Comparative Analysis of Vision-Based Sensors for Human Monitoring in Care Robots: Exploring the Utility-Privacy Trade-off.,RO-MAN,,,1794-1801,,2024,Conference and Workshop Papers,closed,conf/ro-man/BaselizadehLKUT24,10.1109/RO-MAN60168.2024.10731223,https://doi.org/10.1109/RO-MAN60168.2024.10731223,https://dblp.org/rec/conf/ro-man/BaselizadehLKUT24,"['Adel Baselizadeh', 'Diana Saplacan Lindblom', 'Weria Khaksar', 'Md. Zia Uddin', 'Jim Torresen']"
Investigating Privacy in the Context of Office Delivery Robots.,RO-MAN,,,1062-1069,,2024,Conference and Workshop Papers,closed,conf/ro-man/GrassoWPB24,10.1109/RO-MAN60168.2024.10731254,https://doi.org/10.1109/RO-MAN60168.2024.10731254,https://dblp.org/rec/conf/ro-man/GrassoWPB24,"['Maria Antonietta Grasso', 'Jutta Willamowski', 'Jisun Park 0005', 'Sure Bak']"
Performing Human Shadow Detection for Camera-Based Privacy-Preserving Human-Robot Interactions.,RO-MAN,,,1013-1020,,2024,Conference and Workshop Papers,closed,conf/ro-man/HuRH24,10.1109/RO-MAN60168.2024.10731324,https://doi.org/10.1109/RO-MAN60168.2024.10731324,https://dblp.org/rec/conf/ro-man/HuRH24,"['Yuhan Hu', 'Prishita Ray', 'Guy Hoffman']"
Privacy Communication Patterns for Domestic Robots.,SOUPS @ USENIX Security Symposium,,,121-138,,2024,Conference and Workshop Papers,open,conf/soups/WindlL0FM24,,https://www.usenix.org/conference/soups2024/presentation/windl,https://dblp.org/rec/conf/soups/WindlL0FM24,"['Maximiliane Windl', 'Jan Leusmann', 'Albrecht Schmidt 0001', 'Sebastian S. Feger', 'Sven Mayer']"
Privacy-Preserving Synthetic Continual Semantic Segmentation for Robotic Surgery.,CoRR,abs/2402.05860,,,,2024,Informal and Other Publications,open,journals/corr/abs-2402-05860,10.48550/ARXIV.2402.05860,https://doi.org/10.48550/arXiv.2402.05860,https://dblp.org/rec/journals/corr/abs-2402-05860,"['Mengya Xu', 'Mobarakol Islam', 'Long Bai 0008', 'Hongliang Ren 0001']"
Towards Privacy-Aware and Personalised Assistive Robots: A User-Centred Approach.,CoRR,abs/2405.14528,,,,2024,Informal and Other Publications,open,journals/corr/abs-2405-14528,10.48550/ARXIV.2405.14528,https://doi.org/10.48550/arXiv.2405.14528,https://dblp.org/rec/journals/corr/abs-2405-14528,['Fernando E. Casado']
A Survey on Privacy Attacks Against Digital Twin Systems in AI-Robotics.,CoRR,abs/2406.18812,,,,2024,Informal and Other Publications,open,journals/corr/abs-2406-18812,10.48550/ARXIV.2406.18812,https://doi.org/10.48550/arXiv.2406.18812,https://dblp.org/rec/journals/corr/abs-2406-18812,"['Ivan A. Fernandez', 'Subash Neupane', 'Trisha Chakraborty', 'Shaswata Mitra', 'Sudip Mittal', 'Nisha Pillai', 'Jingdao Chen', 'Shahram Rahimi 0001']"
Investigating the Privacy Risk of Using Robot Vacuum Cleaners in Smart Environments.,CoRR,abs/2407.18433,,,,2024,Informal and Other Publications,open,journals/corr/abs-2407-18433,10.48550/ARXIV.2407.18433,https://doi.org/10.48550/arXiv.2407.18433,https://dblp.org/rec/journals/corr/abs-2407-18433,"['Benjamin Ulsmåg', 'Jia-Chun Lin', 'Ming-Chang Lee']"
Securing the Future: Exploring Privacy Risks and Security Questions in Robotic Systems.,CoRR,abs/2409.09972,,,,2024,Informal and Other Publications,open,journals/corr/abs-2409-09972,10.48550/ARXIV.2409.09972,https://doi.org/10.48550/arXiv.2409.09972,https://dblp.org/rec/journals/corr/abs-2409-09972,"['Diba Afroze', 'Yazhou Tu', 'Xiali Hei 0001']"
PANav: Toward Privacy-Aware Robot Navigation via Vision-Language Models.,CoRR,abs/2410.04302,,,,2024,Informal and Other Publications,open,journals/corr/abs-2410-04302,10.48550/ARXIV.2410.04302,https://doi.org/10.48550/arXiv.2410.04302,https://dblp.org/rec/journals/corr/abs-2410-04302,"['Bangguo Yu', 'Hamidreza Kasaei 0001', 'Ming Cao 0001']"
Privacy-preserving Robotic-based Multi-factor Authentication Scheme for Secure Automated Delivery System.,CoRR,abs/2411.18027,,,,2024,Informal and Other Publications,open,journals/corr/abs-2411-18027,10.48550/ARXIV.2411.18027,https://doi.org/10.48550/arXiv.2411.18027,https://dblp.org/rec/journals/corr/abs-2411-18027,"['Yang Yang 0138', 'Aryan Mohammadi Pasikhani', 'Prosanta Gope 0001', 'Biplab Sikdar 0001']"
Verbal anthropomorphism design of social robots: Investigating users&apos; privacy perception.,Comput. Hum. Behav.,142,,107640,,2023,Journal Articles,closed,journals/chb/ChungKJ23,10.1016/J.CHB.2022.107640,https://doi.org/10.1016/j.chb.2022.107640,https://dblp.org/rec/journals/chb/ChungKJ23,"['Hanna Chung', 'Hyunmin Kang', 'Soojin Jun']"
Automatic Detection of Out-of-Body Frames in Surgical Videos for Privacy Protection Using Self-Supervised Learning and Minimal Labels.,J. Medical Robotics Res.,8,1&amp;2,2350002:1-2350002:12,,2023,Journal Articles,closed,journals/jmrr/WangLPJ23,10.1142/S2424905X23500022,https://doi.org/10.1142/S2424905X23500022,https://dblp.org/rec/journals/jmrr/WangLPJ23,"['Ziheng Wang 0003', 'Xi Liu', 'Conor Perreault', 'Anthony M. Jarc']"
Loss-based differentiation strategy for privacy preserving of social robots.,J. Supercomput.,79,1,321-348,,2023,Journal Articles,closed,journals/tjs/YangWZWHS23,10.1007/S11227-022-04660-8,https://doi.org/10.1007/s11227-022-04660-8,https://dblp.org/rec/journals/tjs/YangWZWHS23,"['Qinglin Yang', 'Taiyu Wang', 'Kaiming Zhu', 'Junbo Wang 0001', 'Yu Han 0013', 'Chunhua Su']"
Correction to: Loss-based differentiation strategy for privacy preserving of social robots.,J. Supercomput.,79,1,1159-1160,,2023,Journal Articles,closed,journals/tjs/YangWZWHS23a,10.1007/S11227-022-04716-9,https://doi.org/10.1007/s11227-022-04716-9,https://dblp.org/rec/journals/tjs/YangWZWHS23a,"['Qinglin Yang', 'Taiyu Wang', 'Kaiming Zhu', 'Junbo Wang 0001', 'Yu Han 0013', 'Chunhua Su']"
Decentralized P2P Federated Learning for Privacy-Preserving and Resilient Mobile Robotic Systems.,IEEE Wirel. Commun.,30,2,82-89,,2023,Journal Articles,closed,journals/wc/ZhouLWYYWMJ23,10.1109/MWC.004.2200381,https://doi.org/10.1109/MWC.004.2200381,https://dblp.org/rec/journals/wc/ZhouLWYYWMJ23,"['Xiaokang Zhou', 'Wei Liang 0006', 'Kevin I-Kai Wang', 'Zheng Yan 0002', 'Laurence T. Yang', 'Wei Wei 0006', 'Jianhua Ma 0002', 'Qun Jin']"
Privacy-Preserving User Pose Prediction for Safe and Efficient Human-Robot Interaction.,CASE,,,1-8,,2023,Conference and Workshop Papers,closed,conf/case/BaselizadehKUST23,10.1109/CASE56687.2023.10260298,https://doi.org/10.1109/CASE56687.2023.10260298,https://dblp.org/rec/conf/case/BaselizadehKUST23,"['Adel Baselizadeh', 'Weria Khaksar', 'Md. Zia Uddin', 'Diana Saplacan', 'Jim Torresen']"
"Designing for In-Home Long-Term Family-Robot Interactions: Family Preferences, Connection-Making, and Privacy.",CHI Extended Abstracts,,,491:1-491:6,,2023,Conference and Workshop Papers,closed,conf/chi/Cagiltay23,10.1145/3544549.3577035,https://doi.org/10.1145/3544549.3577035,https://dblp.org/rec/conf/chi/Cagiltay23,['Bengisu Cagiltay']
Co-Learning around Social Robots with School Pupils and University Students - Focus on Data Privacy Considerations.,HAI,,,115-123,,2023,Conference and Workshop Papers,closed,conf/hai/AhtinenCMWM23,10.1145/3623809.3623816,https://doi.org/10.1145/3623809.3623816,https://dblp.org/rec/conf/hai/AhtinenCMWM23,"['Aino Ahtinen', 'Aparajita Chowdhury', 'Valentina Ramirez Millan', 'Chia-Hsin Wu', 'Gayathri Menon']"
Understanding Privacy-friendly Design of Robot Eyes.,HAI,,,133-141,,2023,Conference and Workshop Papers,closed,conf/hai/ShinoharaSOY23,10.1145/3623809.3623829,https://doi.org/10.1145/3623809.3623829,https://dblp.org/rec/conf/hai/ShinoharaSOY23,"['Maino Shinohara', 'Daisuke Sakamoto', 'Tetsuo Ono', 'James Everett Young']"
Obscuring Objectives with Pareto-Optimal Privacy-Aware Trajectories in Multi-Robot Coverage.,ICRA,,,7670-7676,,2023,Conference and Workshop Papers,closed,conf/icra/BrodtP23,10.1109/ICRA48891.2023.10160520,https://doi.org/10.1109/ICRA48891.2023.10160520,https://dblp.org/rec/conf/icra/BrodtP23,"['Brennan Brodt', 'Alyssa Pierson']"
Demo: Privacy-Preserving Localization for Edge-Assisted Robotic Navigation.,SEC,,,267-269,,2023,Conference and Workshop Papers,closed,conf/ieeesec/ChoncholasKMPG23,10.1145/3583740.3626629,https://doi.org/10.1145/3583740.3626629,https://dblp.org/rec/conf/ieeesec/ChoncholasKMPG23,"['James Choncholas', 'Pujith Kachana', 'André Mateus 0001', 'Gregoire Phillips', 'Ada Gavrilovska']"
Social Robots in Care and Data Privacy - A European Perspective.,InfraHealth,,,,,2023,Conference and Workshop Papers,open,conf/infrahealth/CarrosW23,10.48340/IHC2023_P009,https://doi.org/10.48340/ihc2023_p009,https://dblp.org/rec/conf/infrahealth/CarrosW23,"['Felix Carros', 'Anne Wierling']"
BRNES: Enabling Security and Privacy-Aware Experience Sharing in Multiagent Robotic and Autonomous Systems.,IROS,,,9269-9276,,2023,Conference and Workshop Papers,closed,conf/iros/HossainLBN23,10.1109/IROS55552.2023.10341559,https://doi.org/10.1109/IROS55552.2023.10341559,https://dblp.org/rec/conf/iros/HossainLBN23,"['Md Tamjid Hossain', 'Hung Manh La', 'Shahriar Badsha', 'Anton Netchaev']"
Robots as AI Double Agents: Privacy in Motion Planning.,IROS,,,2861-2868,,2023,Conference and Workshop Papers,closed,conf/iros/ShomeKK23,10.1109/IROS55552.2023.10341460,https://doi.org/10.1109/IROS55552.2023.10341460,https://dblp.org/rec/conf/iros/ShomeKK23,"['Rahul Shome', 'Zachary Kingston', 'Lydia E. Kavraki']"
Evaluating People&apos;s Perception of Trust and Privacy based on Robot&apos;s Appearance.,RO-MAN,,,1928-1933,,2023,Conference and Workshop Papers,closed,conf/ro-man/RossiKR23,10.1109/RO-MAN57019.2023.10309402,https://doi.org/10.1109/RO-MAN57019.2023.10309402,https://dblp.org/rec/conf/ro-man/RossiKR23,"['Alessandra Rossi 0001', 'Kheng Lee Koay', 'Silvia Rossi 0002']"
Ethical Design for Privacy-related Communication in Human-Robot Interaction.,RO-MAN,,,2427-2432,,2023,Conference and Workshop Papers,closed,conf/ro-man/WengF23,10.1109/RO-MAN57019.2023.10309553,https://doi.org/10.1109/RO-MAN57019.2023.10309553,https://dblp.org/rec/conf/ro-man/WengF23,"['Yueh-Hsuan Weng', 'Enrico Francesconi']"
Securing the Future: Exploring Privacy Risks and Security Questions in Robotic Systems.,SmartSP,,,148-157,,2023,Conference and Workshop Papers,closed,conf/smartsp/AfrozeT023,10.1007/978-3-031-51630-6_10,https://doi.org/10.1007/978-3-031-51630-6_10,https://dblp.org/rec/conf/smartsp/AfrozeT023,"['Diba Afroze', 'Yazhou Tu', 'Xiali Hei 0001']"
BRNES: Enabling Security and Privacy-aware Experience Sharing in Multiagent Robotic and Autonomous Systems.,CoRR,abs/2308.01274,,,,2023,Informal and Other Publications,open,journals/corr/abs-2308-01274,10.48550/ARXIV.2308.01274,https://doi.org/10.48550/arXiv.2308.01274,https://dblp.org/rec/journals/corr/abs-2308-01274,"['Md Tamjid Hossain', 'Hung Manh La', 'Shahriar Badsha', 'Anton Netchaev']"
Robots as AI Double Agents: Privacy in Motion Planning.,CoRR,abs/2308.03385,,,,2023,Informal and Other Publications,open,journals/corr/abs-2308-03385,10.48550/ARXIV.2308.03385,https://doi.org/10.48550/arXiv.2308.03385,https://dblp.org/rec/journals/corr/abs-2308-03385,"['Rahul Shome', 'Zachary Kingston', 'Lydia E. Kavraki']"
Privacy-preserving dynamic average consensus via state decomposition: Case study on multi-robot formation control.,Autom.,139,,110182,,2022,Journal Articles,closed,journals/automatica/ZhangLWLC22,10.1016/J.AUTOMATICA.2022.110182,https://doi.org/10.1016/j.automatica.2022.110182,https://dblp.org/rec/journals/automatica/ZhangLWLC22,"['Kaixiang Zhang 0001', 'Zhaojian Li', 'Yongqiang Wang 0001', 'Ali Louati', 'Jian Chen 0005']"
Robot location privacy protection based on Q-learning particle swarm optimization algorithm in mobile crowdsensing.,Frontiers Neurorobotics,16,,,,2022,Journal Articles,open,journals/finr/MaKCZY22,10.3389/FNBOT.2022.981390,https://doi.org/10.3389/fnbot.2022.981390,https://dblp.org/rec/journals/finr/MaKCZY22,"['Dandan Ma', 'Dequan Kong', 'Xiaowei Chen', 'Lingyu Zhang', 'Mingrun Yuan']"
Agree to Disagree: Subjective Fairness in Privacy-Restricted Decentralised Conflict Resolution.,Frontiers Robotics AI,9,,733876,,2022,Journal Articles,open,journals/firai/RaymondMPP22,10.3389/FROBT.2022.733876,https://doi.org/10.3389/frobt.2022.733876,https://dblp.org/rec/journals/firai/RaymondMPP22,"['Alex Raymond', 'Matthew Malencia', 'Guilherme Paulino-Passos', 'Amanda Prorok']"
"Drones, Real Estate Video Surveillance, and Neighbourhood Right to Privacy - The Potential Area of Normative Impact from the Perspective of the Polish Law.",J. Intell. Robotic Syst.,106,1,14,,2022,Journal Articles,open,journals/jirs/Stepien-Zalucka22,10.1007/S10846-022-01693-2,https://doi.org/10.1007/s10846-022-01693-2,https://dblp.org/rec/journals/jirs/Stepien-Zalucka22,['Beata Stepien-Zalucka']
PDLHR: Privacy-Preserving Deep Learning Model With Homomorphic Re-Encryption in Robot System.,IEEE Syst. J.,16,2,2032-2043,,2022,Journal Articles,closed,journals/sj/ChenWZ22,10.1109/JSYST.2021.3078637,https://doi.org/10.1109/JSYST.2021.3078637,https://dblp.org/rec/journals/sj/ChenWZ22,"['Yange Chen', 'Baocang Wang', 'Zhili Zhang']"
Security and privacy of network transmitted system in the Internet of Robotic Things.,J. Supercomput.,78,16,18361-18378,,2022,Journal Articles,closed,journals/tjs/AlamerB22,10.1007/S11227-022-04612-2,https://doi.org/10.1007/s11227-022-04612-2,https://dblp.org/rec/journals/tjs/AlamerB22,"['Abdulrahman Alamer', 'Sultan Basudan']"
Building a speech recognition system with privacy identification information based on Google Voice for social robots.,J. Supercomput.,78,13,15060-15088,,2022,Journal Articles,closed,journals/tjs/LinYCT22,10.1007/S11227-022-04487-3,https://doi.org/10.1007/s11227-022-04487-3,https://dblp.org/rec/journals/tjs/LinYCT22,"['Pei-Chun Lin', 'Benjamin Yankson', 'Vishal Chauhan', 'Manabu Tsukada']"
Consumer-Friendly Methods for Privacy Protection Against Cleaning Robots.,ADIoT,,,102-121,,2022,Conference and Workshop Papers,closed,conf/adiot/WuwangS22,10.1007/978-3-031-21311-3_5,https://doi.org/10.1007/978-3-031-21311-3_5,https://dblp.org/rec/conf/adiot/WuwangS22,"['Yanxiu Wuwang', 'Gunther Schiefer']"
Privacy and security challenges for autonomous agents : A study of two social humanoid service robots.,CloudCom,,,230-237,,2022,Conference and Workshop Papers,closed,conf/cloudcom/BistromWDJ22,10.1109/CLOUDCOM55334.2022.00040,https://doi.org/10.1109/CloudCom55334.2022.00040,https://dblp.org/rec/conf/cloudcom/BistromWDJ22,"['Dennis Biström', 'Magnus Westerlund', 'Bob Duncan', 'Martin Gilje Jaatun']"
Privacy-Preserving Multi-Robot Task Allocation via Secure Multi-Party Computation.,ECC,,,1274-1281,,2022,Conference and Workshop Papers,closed,conf/eucc/AlsayeghVNBS22,10.23919/ECC55457.2022.9838150,https://doi.org/10.23919/ECC55457.2022.9838150,https://dblp.org/rec/conf/eucc/AlsayeghVNBS22,"['Murtadha Alsayegh', 'Peter Vanegas', 'Abdullah Al Redwan Newaz', 'Leonardo Bobadilla', 'Dylan A. Shell']"
CONFIDANT: A Privacy Controller for Social Robots.,HRI,,,205-214,,2022,Conference and Workshop Papers,closed,conf/hri/TangSCCFM22,10.1109/HRI53351.2022.9889540,https://doi.org/10.1109/HRI53351.2022.9889540,https://dblp.org/rec/conf/hri/TangSCCFM22,"['Brian Tang', 'Dakota Sullivan', 'Bengisu Cagiltay', 'Varun Chandrasekaran', 'Kassem Fawaz', 'Bilge Mutlu']"
AI privacy preserving robots working in a smart sensor environment.,ICMLA,,,300-306,,2022,Conference and Workshop Papers,closed,conf/icmla/ChakrounVWV22,10.1109/ICMLA55696.2022.00049,https://doi.org/10.1109/ICMLA55696.2022.00049,https://dblp.org/rec/conf/icmla/ChakrounVWV22,"['Imen Chakroun', 'Geert Vanmeerbeeck', 'Roel Wuyts', 'Wilfried Verarcht']"
"Public Perception, Privacy, Safety, and Ethical Considerations of Communication Robots in Law Enforcement.",RO-MAN,,,1586-1591,,2022,Conference and Workshop Papers,closed,conf/ro-man/SalehzadehBGCJ22,10.1109/RO-MAN53752.2022.9900659,https://doi.org/10.1109/RO-MAN53752.2022.9900659,https://dblp.org/rec/conf/ro-man/SalehzadehBGCJ22,"['Roya Salehzadeh', 'Fareed Bordbar', 'Darrin J. Griffin', 'Christian A. Cousin', 'Nader Jalili']"
"Called Back Onstage: Dramaturgic Analysis, Domestic Social Robots, and Privacy.",Robophilosophy,,,325-334,,2022,Conference and Workshop Papers,closed,conf/robophilosophy/Coggins22,10.3233/FAIA220632,https://doi.org/10.3233/FAIA220632,https://dblp.org/rec/conf/robophilosophy/Coggins22,['Tom N. Coggins']
Privacy and Security Concerns in Edge Computing-Based Smart Cities.,Robotics and AI for Cybersecurity and Critical Infrastructure in Smart Cities,,,89-110,,2022,Parts in Books or Collections,closed,series/sci/KumarUMNYS22,10.1007/978-3-030-96737-6_5,https://doi.org/10.1007/978-3-030-96737-6_5,https://dblp.org/rec/series/sci/KumarUMNYS22,"['Ashutosh Kumar', 'Aditya Upadhyay', 'Neha Mishra', 'Srawan Nath', 'Kalu Ram Yadav', 'Gajanand Sharma']"
CONFIDANT: A Privacy Controller for Social Robots.,CoRR,abs/2201.02712,,,,2022,Informal and Other Publications,open,journals/corr/abs-2201-02712,,https://arxiv.org/abs/2201.02712,https://dblp.org/rec/journals/corr/abs-2201-02712,"['Brian Tang', 'Dakota Sullivan', 'Bengisu Cagiltay', 'Varun Chandrasekaran', 'Kassem Fawaz', 'Bilge Mutlu']"
Decentralized Robot Learning for Personalization and Privacy.,CoRR,abs/2201.05527,,,,2022,Informal and Other Publications,open,journals/corr/abs-2201-05527,,https://arxiv.org/abs/2201.05527,https://dblp.org/rec/journals/corr/abs-2201-05527,"['Luke Guerdan', 'Hatice Gunes']"
Customer Empowered Privacy-Preserving Secure Verification using Decentralized Identifier and Verifiable Credentials For Product Delivery Using Robots.,CoRR,abs/2208.06165,,,,2022,Informal and Other Publications,open,journals/corr/abs-2208-06165,10.48550/ARXIV.2208.06165,https://doi.org/10.48550/arXiv.2208.06165,https://dblp.org/rec/journals/corr/abs-2208-06165,['Chintan Patel']
Privacy-preserving image multi-classification deep learning model in robot system of industrial IoT.,Neural Comput. Appl.,33,10,4677-4694,,2021,Journal Articles,closed,journals/nca/ChenPZWH21,10.1007/S00521-020-05426-0,https://doi.org/10.1007/s00521-020-05426-0,https://dblp.org/rec/journals/nca/ChenPZWH21,"['Yange Chen', 'Yuan Ping', 'Zhili Zhang', 'Baocang Wang', 'SuYu He']"
Are You Watching Me? A Study on Privacy Notice Design of Social Robot.,AHFE,,,339-344,,2021,Conference and Workshop Papers,closed,conf/ahfe/SuY21,10.1007/978-3-030-79760-7_41,https://doi.org/10.1007/978-3-030-79760-7_41,https://dblp.org/rec/conf/ahfe/SuY21,"['Peng Su', 'Xiang Yuan']"
Privacy Behavior of the Elderly toward Caregiver Robots.,AMCIS,,,,,2021,Conference and Workshop Papers,closed,conf/amcis/AminKK21,,https://aisel.aisnet.org/amcis2021/info_security/info_security/12,https://dblp.org/rec/conf/amcis/AminKK21,"['M A. Shariful Amin', 'Chang Koh', 'Abhijeet Kumar']"
&quot;They See You&apos;re a Girl if You Pick a Pink Robot with a Skirt&quot;: A Qualitative Study of How Children Conceptualize Data Processing and Digital Privacy Risks.,CHI,,,687:1-687:34,,2021,Conference and Workshop Papers,closed,conf/chi/SunSASGRS21,10.1145/3411764.3445333,https://doi.org/10.1145/3411764.3445333,https://dblp.org/rec/conf/chi/SunSASGRS21,"['Kaiwen Sun', 'Carlo Sugatan', 'Tanisha Afnan', 'Hayley Simon', 'Susan A. Gelman', 'Jenny S. Radesky', 'Florian Schaub']"
Designing and Validating a Blockchain-based Architecture to Enforce Privacy in Human Robot Interaction.,HICSS,,,1-10,,2021,Conference and Workshop Papers,open,conf/hicss/VasylkovskyiGS21,,https://hdl.handle.net/10125/70680,https://dblp.org/rec/conf/hicss/VasylkovskyiGS21,"['Viktor Vasylkovskyi', 'Sérgio Guerreiro 0001', 'João Sequeira 0001']"
Privacy-Preserving and Auditable Federated Deep Reinforcement Learning for Robotic Manipulation.,NSS,,,314-325,,2021,Conference and Workshop Papers,closed,conf/nss/ZhuL21,10.1007/978-3-030-92708-0_20,https://doi.org/10.1007/978-3-030-92708-0_20,https://dblp.org/rec/conf/nss/ZhuL21,"['Xudong Zhu', 'Hui Li 0006']"
Designing a System Based on Robotic Assistance for Privacy Awareness in Smart Environments.,UEMCON,,,427-432,,2021,Conference and Workshop Papers,closed,conf/uemcom/GeorgievskiJK21,10.1109/UEMCON53757.2021.9666672,https://doi.org/10.1109/UEMCON53757.2021.9666672,https://dblp.org/rec/conf/uemcom/GeorgievskiJK21,"['Ilche Georgievski', 'Isaac Henderson Johnson Jeyakumar', 'Shrilesh Kale']"
Towards Privacy-Preserving Ego-Motion Estimation Using an Extremely Low-Resolution Camera.,IEEE Robotics Autom. Lett.,5,2,1223-1230,,2020,Journal Articles,closed,journals/ral/ShariatiHS20,10.1109/LRA.2020.2967307,https://doi.org/10.1109/LRA.2020.2967307,https://dblp.org/rec/journals/ral/ShariatiHS20,"['Armon Shariati', 'Christian Holz 0001', 'Sudipta N. Sinha']"
BlockRobot: Increasing Privacy in Human Robot Interaction by Using Blockchain.,Blockchain,,,106-115,,2020,Conference and Workshop Papers,closed,conf/blockchain2/VasylkovskyiGS20,10.1109/BLOCKCHAIN50366.2020.00021,https://doi.org/10.1109/Blockchain50366.2020.00021,https://dblp.org/rec/conf/blockchain2/VasylkovskyiGS20,"['Viktor Vasylkovskyi', 'Sérgio Guerreiro 0001', 'João Silva Sequeira 0001']"
How do People Perceive Privacy and Interaction Quality while Chatting with a Crowd-operated Robot?,HRI,,,84-86,,2020,Conference and Workshop Papers,closed,conf/hri/AbbasCKGBM20,10.1145/3371382.3378332,https://doi.org/10.1145/3371382.3378332,https://dblp.org/rec/conf/hri/AbbasCKGBM20,"['Tahir Abbas', 'Giovanni Corpaccioli', 'Vassilis-Javed Khan', 'Ujwal Gadiraju', 'Emilia I. Barakova', 'Panos Markopoulos 0001']"
Enhancing Privacy in Robotics via Judicious Sensor Selection.,ICRA,,,7156-7165,,2020,Conference and Workshop Papers,closed,conf/icra/EickA20,10.1109/ICRA40945.2020.9196983,https://doi.org/10.1109/ICRA40945.2020.9196983,https://dblp.org/rec/conf/icra/EickA20,"['Stephen Eick', 'Annie I. Antón']"
Artificial Empathy for Clinical Companion Robots with Privacy-By-Design.,MobiHealth,,,351-361,,2020,Conference and Workshop Papers,closed,conf/mobihealth/MartinVH20,10.1007/978-3-030-70569-5_23,https://doi.org/10.1007/978-3-030-70569-5_23,https://dblp.org/rec/conf/mobihealth/MartinVH20,"['Miguel Vargas Martin', 'Eduardo Pérez Valle', 'Sheri Horsburgh']"
Do Privacy Concerns Prevent Employees&apos; Acceptance of Smart Wearables and Collaborative Robots?,Sicherheit,,,141-146,,2020,Conference and Workshop Papers,open,conf/sicherheit/Richter20,10.18420/SICHERHEIT2020_14,https://doi.org/10.18420/sicherheit2020_14,https://dblp.org/rec/conf/sicherheit/Richter20,['Alexander Richter']
A Privacy Filter Framework for Internet of Robotic Things Applications.,SP,,,262-267,,2020,Conference and Workshop Papers,closed,conf/sp/Alsulaimawi20,10.1109/SPW50608.2020.00059,https://doi.org/10.1109/SPW50608.2020.00059,https://dblp.org/rec/conf/sp/Alsulaimawi20,['Zahir Alsulaimawi']
Privacy at Home: an Inquiry into Sensors and Robots for the Stay at Home Elderly.,CoRR,abs/2003.11432,,,,2020,Informal and Other Publications,open,journals/corr/abs-2003-11432,,https://arxiv.org/abs/2003.11432,https://dblp.org/rec/journals/corr/abs-2003-11432,"['Trenton Schulz', 'Jo Herstad', 'Harald Holone']"
Privacy-Preserving Dynamic Average Consensus via State Decomposition: Case Study on Multi-Robot Formation Control.,CoRR,abs/2008.03182,,,,2020,Informal and Other Publications,open,journals/corr/abs-2008-03182,,https://arxiv.org/abs/2008.03182,https://dblp.org/rec/journals/corr/abs-2008-03182,"['Kaixiang Zhang 0001', 'Zhaojian Li', 'Yongqiang Wang 0001', 'Ali Louati', 'Jian Chen 0005']"
Privacy-Preserving Pose Estimation for Human-Robot Interaction.,CoRR,abs/2011.07387,,,,2020,Informal and Other Publications,open,journals/corr/abs-2011-07387,,https://arxiv.org/abs/2011.07387,https://dblp.org/rec/journals/corr/abs-2011-07387,"['Youya Xia', 'Yifan Tang', 'Yuhan Hu', 'Guy Hoffman']"
Comparative legal study on privacy and personal data protection for robots equipped with artificial intelligence: looking at functional and technological aspects.,AI Soc.,34,3,509-533,,2019,Journal Articles,closed,journals/ais/Ishii19,10.1007/S00146-017-0758-8,https://doi.org/10.1007/s00146-017-0758-8,https://dblp.org/rec/journals/ais/Ishii19,['Kaori Ishii']
Complete characterization of a class of privacy-preserving tracking problems.,Int. J. Robotics Res.,38,2-3,,,2019,Journal Articles,closed,journals/ijrr/ZhangS19,10.1177/0278364918772025,https://doi.org/10.1177/0278364918772025,https://dblp.org/rec/journals/ijrr/ZhangS19,"['Yulin Zhang 0001', 'Dylan A. Shell']"
Trust-Driven Privacy in Human-Robot Interactions.,ACC,,,5234-5239,,2019,Conference and Workshop Papers,closed,conf/amcc/HaleSF19,10.23919/ACC.2019.8815004,https://doi.org/10.23919/ACC.2019.8815004,https://dblp.org/rec/conf/amcc/HaleSF19,"['Matthew T. Hale', 'Tina Setter', 'Kingsley Fregene']"
Coordinated multi-robot planning while preserving individual privacy.,ICRA,,,2188-2194,,2019,Conference and Workshop Papers,closed,conf/icra/LiBBAS19,10.1109/ICRA.2019.8794460,https://doi.org/10.1109/ICRA.2019.8794460,https://dblp.org/rec/conf/icra/LiBBAS19,"['Li Li 0101', 'Alfredo Bayuelo', 'Leonardo Bobadilla', 'Tauhidul Alam', 'Dylan A. Shell']"
Privacy-Preserving Robot Vision with Anonymized Faces by Extreme Low Resolution.,IROS,,,462-467,,2019,Conference and Workshop Papers,closed,conf/iros/KimLYR19,10.1109/IROS40897.2019.8967681,https://doi.org/10.1109/IROS40897.2019.8967681,https://dblp.org/rec/conf/iros/KimLYR19,"['Myeung Un Kim', 'Harim Lee', 'Hyun Jong Yang', 'Michael S. Ryoo']"
Privacy First: Designing Responsible and Inclusive Social Robot Applications for in the Wild Studies.,RO-MAN,,,1-8,,2019,Conference and Workshop Papers,closed,conf/ro-man/TonkinVH0MKVJW19,10.1109/RO-MAN46459.2019.8956461,https://doi.org/10.1109/RO-MAN46459.2019.8956461,https://dblp.org/rec/conf/ro-man/TonkinVH0MKVJW19,"['Meg Tonkin', 'Jonathan Vitale', 'Sarita Herse', 'Syed Ali Raza 0002', 'Srinivas Madhisetty', 'Le Kang', 'The Duc Vu', 'Benjamin Johnston', 'Mary-Anne Williams']"
Privacy Concerns in Robot Teleoperation: Does Personality Influence What Should Be Hidden?,ICSR,,,719-729,,2019,Conference and Workshop Papers,closed,conf/socrob/BalaliSSG19,10.1007/978-3-030-35888-4_67,https://doi.org/10.1007/978-3-030-35888-4_67,https://dblp.org/rec/conf/socrob/BalaliSSG19,"['Sogol Balali', 'Ross T. Sowell', 'William D. Smart', 'Cindy M. Grimm']"
ROS-Defender: SDN-Based Security Policy Enforcement for Robotic Applications.,IEEE Symposium on Security and Privacy Workshops,,,114-119,,2019,Conference and Workshop Papers,closed,conf/sp/RiveraLNBS19,10.1109/SPW.2019.00030,https://doi.org/10.1109/SPW.2019.00030,https://dblp.org/rec/conf/sp/RiveraLNBS19,"['Sean Rivera', 'Sofiane Lagraa', 'Cristina Nita-Rotaru', 'Sheila Becker', 'Radu State']"
Resilience of Multi-robot Systems to Physical Masquerade Attacks.,IEEE Symposium on Security and Privacy Workshops,,,120-125,,2019,Conference and Workshop Papers,closed,conf/sp/WardegaTL19,10.1109/SPW.2019.00031,https://doi.org/10.1109/SPW.2019.00031,https://dblp.org/rec/conf/sp/WardegaTL19,"['Kacper Wardega', 'Roberto Tron', 'Wenchao Li 0001']"
Federated Imitation Learning: A Privacy Considered Imitation Learning Framework for Cloud Robotic Systems with Heterogeneous Sensor Data.,CoRR,abs/1909.00895,,,,2019,Informal and Other Publications,open,journals/corr/abs-1909-00895,,http://arxiv.org/abs/1909.00895,https://dblp.org/rec/journals/corr/abs-1909-00895,"['Boyi Liu', 'Lujia Wang 0001', 'Ming Liu 0001', 'Cheng-Zhong Xu 0001']"
Framing Effects on Privacy Concerns about a Home Telepresence Robot.,CoRR,abs/1911.04643,,,,2019,Informal and Other Publications,open,journals/corr/abs-1911-04643,,http://arxiv.org/abs/1911.04643,https://dblp.org/rec/journals/corr/abs-1911-04643,"['Matthew Rueben', 'Frank J. Bernieri', 'Cindy M. Grimm', 'William D. Smart']"
Privacy in Control and Dynamical Systems.,Annu. Rev. Control. Robotics Auton. Syst.,1,,309-332,,2018,Journal Articles,closed,journals/arcras/0002P18,10.1146/ANNUREV-CONTROL-060117-105018,https://doi.org/10.1146/annurev-control-060117-105018,https://dblp.org/rec/journals/arcras/0002P18,"['Shuo Han 0002', 'George J. Pappas']"
Themes and Research Directions in Privacy-Sensitive Robotics.,ARSO,,,77-84,,2018,Conference and Workshop Papers,closed,conf/arso/RuebenALSCCAS18,10.1109/ARSO.2018.8625758,https://doi.org/10.1109/ARSO.2018.8625758,https://dblp.org/rec/conf/arso/RuebenALSCCAS18,"['Matthew Rueben', 'Alexander Mois Aroyo', 'Christoph Lutz', 'Johannes Schmölz', 'Pieter Van Cleynenbreugel', 'Andrea Corti', 'Siddharth Agrawal', 'William D. Smart']"
Privacy at Home: An Inquiry into Sensors and Robots for the Stay at Home Elderly.,HCI,,,377-394,,2018,Conference and Workshop Papers,closed,conf/hci/SchulzHH18,10.1007/978-3-319-92037-5_28,https://doi.org/10.1007/978-3-319-92037-5_28,https://dblp.org/rec/conf/hci/SchulzHH18,"['Trenton Schulz', 'Jo Herstad', 'Harald Holone']"
Be More Transparent and Users Will Like You: A Robot Privacy and User Experience Design Experiment.,HRI,,,379-387,,2018,Conference and Workshop Papers,closed,conf/hri/VitaleTHOCWWJ18,10.1145/3171221.3171269,https://doi.org/10.1145/3171221.3171269,https://dblp.org/rec/conf/hri/VitaleTHOCWWJ18,"['Jonathan Vitale', 'Meg Tonkin', 'Sarita Herse', 'Suman Ojha', 'Jesse Clark', 'Mary-Anne Williams', 'Xun Wang 0006', 'William Judge']"
Me and My Robot - Sharing Information with a New Friend.,Privacy and Identity Management,,,189-204,,2018,Conference and Workshop Papers,closed,conf/primelife/HeuerSG18,10.1007/978-3-030-16744-8_13,https://doi.org/10.1007/978-3-030-16744-8_13,https://dblp.org/rec/conf/primelife/HeuerSG18,"['Tanja Heuer', 'Ina Schiering', 'Reinhard Gerndt']"
"&quot;I spy, with my little sensor&quot;: fair data handling practices for robots between privacy, copyright and security.",Connect. Sci.,29,3,200-209,,2017,Journal Articles,closed,journals/connection/SchaferE17,10.1080/09540091.2017.1318356,https://doi.org/10.1080/09540091.2017.1318356,https://dblp.org/rec/journals/connection/SchaferE17,"['Burkhard Schafer 0001', 'Lilian Edwards']"
Distributed mapping with privacy and communication constraints: Lightweight algorithms and object-based models.,Int. J. Robotics Res.,36,12,1286-1311,,2017,Journal Articles,closed,journals/ijrr/ChoudharyCNRCD17,10.1177/0278364917732640,https://doi.org/10.1177/0278364917732640,https://dblp.org/rec/journals/ijrr/ChoudharyCNRCD17,"['Siddharth Choudhary', 'Luca Carlone', 'Carlos Nieto-Granda', 'John G. Rogers III', 'Henrik I. Christensen', 'Frank Dellaert']"
"Information Security, Privacy, and Trust in Social Robotic Assistants for Older Adults.",HCI,,,90-109,,2017,Conference and Workshop Papers,closed,conf/hci/Given-WilsonLS17,10.1007/978-3-319-58460-7_7,https://doi.org/10.1007/978-3-319-58460-7_7,https://dblp.org/rec/conf/hci/Given-WilsonLS17,"['Thomas Given-Wilson', 'Axel Legay', 'Sean Sedwards']"
Privacy and Telepresence Robotics: What do Non-scientists Think?,HRI,,,175-176,,2017,Conference and Workshop Papers,closed,conf/hri/KruppRGS17,10.1145/3029798.3038384,https://doi.org/10.1145/3029798.3038384,https://dblp.org/rec/conf/hri/KruppRGS17,"['Margaret Mary Krupp', 'Matthew Rueben', 'Cindy M. Grimm', 'William D. Smart']"
Framing Effects on Privacy Concerns about a Home Telepresence Robot.,HRI,,,435-444,,2017,Conference and Workshop Papers,closed,conf/hri/RuebenBGS17,10.1145/2909824.3020218,https://doi.org/10.1145/2909824.3020218,https://dblp.org/rec/conf/hri/RuebenBGS17,"['Matthew Rueben', 'Frank J. Bernieri', 'Cindy M. Grimm', 'William D. Smart']"
Privacy-Sensitive Robotics.,HRI,,,425-426,,2017,Conference and Workshop Papers,closed,conf/hri/RuebenSGC17,10.1145/3029798.3029805,https://doi.org/10.1145/3029798.3029805,https://dblp.org/rec/conf/hri/RuebenSGC17,"['Matthew Rueben', 'William D. Smart', 'Cindy M. Grimm', 'Maya Cakmak']"
From the Glass House to the Hive: The Private Sphere in the Era of Intelligent Home Assistant Robots.,Privacy and Identity Management,,,282-298,,2017,Conference and Workshop Papers,closed,conf/primelife/Conca17,10.1007/978-3-319-92925-5_19,https://doi.org/10.1007/978-3-319-92925-5_19,https://dblp.org/rec/conf/primelife/Conca17,['Silvia De Conca']
A focus group study of privacy concerns about telepresence robots.,RO-MAN,,,1451-1458,,2017,Conference and Workshop Papers,closed,conf/ro-man/KruppRGS17,10.1109/ROMAN.2017.8172495,https://doi.org/10.1109/ROMAN.2017.8172495,https://dblp.org/rec/conf/ro-man/KruppRGS17,"['Margaret Mary Krupp', 'Matthew Rueben', 'Cindy M. Grimm', 'William D. Smart']"
"A Telepresence Robot in Residential Care: Family Increasingly Present, Personnel Worried About Privacy.",ICSR,,,85-94,,2017,Conference and Workshop Papers,closed,conf/socrob/NiemelaATA17,10.1007/978-3-319-70022-9_9,https://doi.org/10.1007/978-3-319-70022-9_9,https://dblp.org/rec/conf/socrob/NiemelaATA17,"['Marketta Niemelä', 'Lina van Aerschot', 'Antti Tammela', 'Iina Aaltonen']"
"Embodiment, Privacy and Social Robots: May I Remember You?",ICSR,,,506-515,,2017,Conference and Workshop Papers,closed,conf/socrob/TonkinVOCPJWW17,10.1007/978-3-319-70022-9_50,https://doi.org/10.1007/978-3-319-70022-9_50,https://dblp.org/rec/conf/socrob/TonkinVOCPJWW17,"['Meg Tonkin', 'Jonathan Vitale', 'Suman Ojha', 'Jesse Clark', 'Sammy Pfeiffer', 'William Judge', 'Xun Wang 0006', 'Mary-Anne Williams']"
An Experimental Security Analysis of an Industrial Robot Controller.,IEEE Symposium on Security and Privacy,,,268-286,,2017,Conference and Workshop Papers,closed,conf/sp/QuartaPPMZZ17,10.1109/SP.2017.20,https://doi.org/10.1109/SP.2017.20,https://dblp.org/rec/conf/sp/QuartaPPMZZ17,"['Davide Quarta', 'Marcello Pogliani', 'Mario Polino', 'Federico Maggi 0001', 'Andrea Maria Zanchettin', 'Stefano Zanero']"
A Macroscopic Model for Differential Privacy in Dynamic Robotic Networks.,CoRR,abs/1703.04797,,,,2017,Informal and Other Publications,open,journals/corr/Prorok017a,,http://arxiv.org/abs/1703.04797,https://dblp.org/rec/journals/corr/Prorok017a,"['Amanda Prorok', 'Vijay Kumar 0001']"
These aren&apos;t the autonomous drones you&apos;re looking for: investigating privacy concerns through concept videos.,J. Hum. Robot Interact.,5,3,26-54,,2016,Journal Articles,closed,journals/thri/WongM16,10.5898/JHRI.5.3.WONG,https://doi.org/10.5898/JHRI.5.3.Wong,https://dblp.org/rec/journals/thri/WongM16,"['Richmond Y. Wong', 'Deirdre K. Mulligan']"
A Macroscopic Privacy Model for Heterogeneous Robot Swarms.,ANTS Conference,,,15-27,,2016,Conference and Workshop Papers,closed,conf/antsw/Prorok016,10.1007/978-3-319-44427-7_2,https://doi.org/10.1007/978-3-319-44427-7_2,https://dblp.org/rec/conf/antsw/Prorok016,"['Amanda Prorok', 'Vijay Kumar 0001']"
Detection of privacy-sensitive situations for social robots in smart homes.,CASE,,,727-732,,2016,Conference and Workshop Papers,closed,conf/case/FernandesYDS16,10.1109/COASE.2016.7743474,https://doi.org/10.1109/COASE.2016.7743474,https://dblp.org/rec/conf/case/FernandesYDS16,"['Francisco Erivaldo Fernandes Junior', 'Guanci Yang', 'Ha Manh Do', 'Weihua Sheng']"
User Feedback on Physical Marker Interfaces for Protecting Visual Privacy from Mobile Robots.,HRI,,,507-508,,2016,Conference and Workshop Papers,closed,conf/hri/RuebenBGS16,10.1109/HRI.2016.7451829,https://doi.org/10.1109/HRI.2016.7451829,https://dblp.org/rec/conf/hri/RuebenBGS16,"['Matthew Rueben', 'Frank J. Bernieri', 'Cindy M. Grimm', 'William D. Smart']"
Evaluation of physical marker interfaces for protecting visual privacy from mobile robots.,RO-MAN,,,787-794,,2016,Conference and Workshop Papers,closed,conf/ro-man/RuebenBGS16,10.1109/ROMAN.2016.7745209,https://doi.org/10.1109/ROMAN.2016.7745209,https://dblp.org/rec/conf/ro-man/RuebenBGS16,"['Matthew Rueben', 'Frank J. Bernieri', 'Cindy M. Grimm', 'William D. Smart']"
"Social Robots, Privacy, and Ownership of Data: Some Problems and Suggestions.",Robophilosophy/TRANSOR,,,190-191,,2016,Conference and Workshop Papers,closed,conf/robophilosophy/Nus16,10.3233/978-1-61499-708-5-190,https://doi.org/10.3233/978-1-61499-708-5-190,https://dblp.org/rec/conf/robophilosophy/Nus16,['Myrthe van Nus']
Designing Commercial Therapeutic Robots for Privacy Preserving Systems and Ethical Research Practices within the Home.,CoRR,abs/1606.04033,,,,2016,Informal and Other Publications,open,journals/corr/SedenbergCM16,,http://arxiv.org/abs/1606.04033,https://dblp.org/rec/journals/corr/SedenbergCM16,"['Elaine Sedenberg', 'John Chuang', 'Deirdre K. Mulligan']"
Neural network-based ideation learning for intelligent agents: e-brainstorming with privacy preferences.,Int. J. Comput. Vis. Robotics,5,3,231-253,,2015,Journal Articles,closed,journals/ijcvr/ManjuP15,10.1504/IJCVR.2015.071329,https://doi.org/10.1504/IJCVR.2015.071329,https://dblp.org/rec/journals/ijcvr/ManjuP15,"['S. Manju', 'M. Punithavalli']"
The Privacy-Utility Tradeoff for Remotely Teleoperated Robots.,HRI,,,27-34,,2015,Conference and Workshop Papers,closed,conf/hri/ButlerHRC15,10.1145/2696454.2696484,https://doi.org/10.1145/2696454.2696484,https://dblp.org/rec/conf/hri/ButlerHRC15,"['Daniel J. Butler', 'Justin Huang', 'Franziska Roesner', 'Maya Cakmak']"
"RoboCode-Ethicists: Privacy-friendly robots, an ethical responsibility of engineers?",NS Ethics@SIGCOMM,,,27-28,,2015,Conference and Workshop Papers,closed,conf/sigcomm/LutzT15,10.1145/2793013.2793022,https://doi.org/10.1145/2793013.2793022,https://dblp.org/rec/conf/sigcomm/LutzT15,"['Christoph Lutz', 'Aurelia Tamò']"
"RoboCode-Ethicists: Privacy-friendly robots, an ethical responsibility of engineers?",WebSci,,,21:1-21:12,,2015,Conference and Workshop Papers,closed,conf/websci/LutzT15,10.1145/2786451.2786465,https://doi.org/10.1145/2786451.2786465,https://dblp.org/rec/conf/websci/LutzT15,"['Christoph Lutz', 'Aurelia Tamò']"
Morphological gender recognition by a social robot and privacy concerns: late breaking reports.,HRI,,,272-273,,2014,Conference and Workshop Papers,closed,conf/hri/RameyS14,10.1145/2559636.2563714,https://doi.org/10.1145/2559636.2563714,https://dblp.org/rec/conf/hri/RameyS14,"['Arnaud A. Ramey', 'Miguel Angel Salichs']"
Robots in the cloud with privacy: A new threat to data protection?,Comput. Law Secur. Rev.,29,5,501-508,,2013,Journal Articles,closed,journals/clsr/Pagallo13,10.1016/J.CLSR.2013.07.012,https://doi.org/10.1016/j.clsr.2013.07.012,https://dblp.org/rec/journals/clsr/Pagallo13,['Ugo Pagallo']
The effect of monitoring by cameras and robots on the privacy enhancing behaviors of older adults.,HRI,,,343-350,,2012,Conference and Workshop Papers,closed,conf/hri/CaineSC12,10.1145/2157689.2157807,https://doi.org/10.1145/2157689.2157807,https://dblp.org/rec/conf/hri/CaineSC12,"['Kelly Caine', 'Selma Sabanovic', 'Mary Carter']"
Issues of privacy and electronic personhood in robotics.,RO-MAN,,,815-820,,2012,Conference and Workshop Papers,closed,conf/ro-man/GuntherMBLLL12,10.1109/ROMAN.2012.6343852,https://doi.org/10.1109/ROMAN.2012.6343852,https://dblp.org/rec/conf/ro-man/GuntherMBLLL12,"['Jan-Philipp Günther', 'Florian Münch', 'Susanne Beatrix Beck', 'Severin Löffler', 'Christophe Leroux', 'Roberto Labruto']"
Using an autonomous robot to maintain privacy in assistive environments.,Secur. Commun. Networks,4,11,1275-1293,,2011,Journal Articles,closed,journals/scn/ArmbrustMRKB11,10.1002/SEC.253,https://doi.org/10.1002/sec.253,https://dblp.org/rec/journals/scn/ArmbrustMRKB11,"['Christopher Armbrust', 'Syed Atif Mehdi', 'Max Reichardt', 'Jan Koch', 'Karsten Berns']"
Understanding users&apos; perception of privacy in human-robot interaction.,HRI,,,181-182,,2011,Conference and Workshop Papers,closed,conf/hri/LeeTFK11,10.1145/1957656.1957721,https://doi.org/10.1145/1957656.1957721,https://dblp.org/rec/conf/hri/LeeTFK11,"['Min Kyung Lee', 'Karen P. Tang', 'Jodi Forlizzi', 'Sara B. Kiesler']"
A spotlight on security and privacy risks with future household robots: attacks and lessons.,UbiComp,,,105-114,,2009,Conference and Workshop Papers,closed,conf/huc/DenningMKSK09,10.1145/1620545.1620564,https://doi.org/10.1145/1620545.1620564,https://dblp.org/rec/conf/huc/DenningMKSK09,"['Tamara Denning', 'Cynthia Matuszek', 'Karl Koscher', 'Joshua R. Smith 0001', 'Tadayoshi Kohno']"
